,PC1,PC2
owned_pct,0.49473837425166206,-0.18088323220798205
private_rent_pct,-0.4351829186493561,-0.5031002628889749
social_rent_pct,-0.3819127610768265,0.7888491921743773
overcrowd_pct,-0.45426367904962406,-0.0810318380996226
flat_pct,-0.4622087420004362,-0.29209959775231925
